timestamp,latitude,longitude,zoom,image_description,image_prompt,image_model,text_description,text_prompt,text_model,danger
2026-03-18T15:42:49.335361+00:00,10.0,120.0,15,"The image you've provided appears to be a low-resolution satellite image. Due to the resolution, it is challenging to provide detailed information about specific features such as land cover, vegetation, water bodies, urban areas, deforestation, or signs of environmental change. However, I can describe what is visible in general terms:

1. Land Cover: The image shows a mix of different land covers, which could include various types of terrain and vegetation.
2. Vegetation: There are patches of green that likely represent areas with vegetation, such as forests or grasslands.
3. Water Bodies: There are darker areas that might indicate bodies of water like lakes or rivers.
4. Urban Areas: There are some lighter areas that could be urban development, possibly indicating cities or towns.
5. Deforestation: There may be areas where the vegetation appears less dense, which could suggest deforestation or clearance for other land uses.
6. Environmental Change: It's difficult to discern any specific signs of environmental change due to the low resolution of the image.

Please note that without higher resolution imagery, it is not possible to provide a detailed analysis of these features or any potential changes in the environment.","Describe this satellite image in detail. Focus on land cover, vegetation, water bodies, urban areas, deforestation, and any visible signs of environmental change.",llava:7b,"The provided satellite image shows mixed land cover with vegetation, water bodies, and urban areas. However, due to its low resolution, it is challenging to determine specific environmental risks such as deforestation or signs of environmental change.","You are an environmental analyst. Given the following satellite image description, determine whether the area is at environmental risk. Consider deforestation, soil erosion, water pollution, urban sprawl, loss of biodiversity, and any other factors. Answer with a JSON object containing exactly two keys:
  ""danger"" – either ""Y"" or ""N""
  ""justification"" – a short explanation (1-3 sentences).
Return ONLY the JSON object, no extra text.",mistral:7b,N
2026-03-18T16:44:37.460339+00:00,10.0,20.0,15,"The image appears to be a satellite view of a landscape, likely taken from an overhead perspective. It shows a patterned terrain with a mix of green and brown colors, indicating different types of land cover. The green areas suggest vegetation, which could include grasslands or sparse tree coverage. The brown areas might represent soil, bare ground, or less dense vegetation. There are no distinct water bodies visible in this image.

Urban areas are not clearly distinguishable from the surrounding landscape due to the resolution and angle of the satellite imagery. However, there is a noticeable pattern that could be indicative of human-made structures or infrastructure, possibly roads or paths, which run through the landscape.

Deforestation is not directly visible in this image, as it would require higher resolution or different types of data to detect changes in forest cover. The image does not provide clear signs of environmental change such as deforestation, urbanization, or significant land use changes.

The overall quality and clarity of the image suggest that it may be a low-resolution satellite photo, which limits the ability to discern finer details about the landscape.","Describe this satellite image in detail. Focus on land cover, vegetation, water bodies, urban areas, deforestation, and any visible signs of environmental change.",llava:7b,"The image does not provide clear signs of environmental change such as deforestation, urbanization, or significant land use changes. However, the presence of potential human-made structures and infrastructure could indicate future risks.","You are an environmental analyst. Given the following satellite image description, determine whether the area is at environmental risk. Consider deforestation, soil erosion, water pollution, urban sprawl, loss of biodiversity, and any other factors. Answer with a JSON object containing exactly two keys:
  ""danger"" – either ""Y"" or ""N""
  ""justification"" – a short explanation (1-3 sentences).
Return ONLY the JSON object, no extra text.",mistral:7b,N
